NOME_CLIENTE,SOBRENOME_CLIENTE,EMAIL_CONTATO,FONE,CPF_CLIENTE,CIDADE,PRODUTO_BIZAPP
Adriana,Santos Cavalcanti,adriana.santos@bol.com.br,51987603859,770.348.247-71,Porto Alegre,Cartao Black
Nelson,Pereira Campos,nelson.pereira@bol.com.br,53904653755,646.417.080-53,Passo Fundo,Seguro Residencial
Cintia,Campos Barbosa,cintia_campos@bol.com.br,53983465787,133.150.983-93,Porto Alegre,Seguro Auto
Eduardo,Martins Barbosa,eduardo.martins@outlook.com,55938347359,774.688.623-92,Gravatai,Cartao Black
Sandra,Rocha Carvalho,sandra.rocha@hotmail.com,53901632870,831.727.889-57,Rio Grande,Cartao Black
Jaqueline,Carvalho Castro,jaqueline.carvalho@bol.com.br,54903450541,566.765.277-58,Gravatai,Cartao Black
Everton,Correia Carvalho,everton.correia@outlook.com,51975273545,494.808.313-67,Sao Leopoldo,Emprestimo Pessoal
Igor,Souza Barbosa,igor_souza@gmail.com,55999854353,462.475.107-99,Canoas,Emprestimo Pessoal
Cristina,Moreira Alves,cristina.moreira@outlook.com,55996532871,012.269.166-97,Sao Leopoldo,Seguro Residencial
KARINA,Alves Moreira,karina.alves@hotmail.com,55934670656,272.980.699-01,Passo Fundo,Seguro Auto
Felipe,Souza Nascimento,felipe.souza@bol.com.br,51913983735,403.317.393-63,Sao Leopoldo,Previdencia Privada
Daniela,Rodrigues Souza,daniela.rodrigues@gmail.com,54900978820,812.191.361-93,Rio Grande,Seguro Residencial
Marcio,Santos Gomes,marcio.santos@outlook.com,55926284987,769.453.147-37,Rio Grande,Emprestimo Pessoal
Debora,Fernandes Gomes,debora.fernandes@bol.com.br,55901065133,387.262.473-17,Sao Leopoldo,Seguro Auto
Juliana,Teixeira Cardoso,juliana.teixeira@gmail.com,53910518347,382.997.376-31,Canoas,Previdencia Privada
Natalia,Ribeiro Gomes,natalia.ribeiro@gmail.com,54934103697,117.980.893-24,Santa Maria,Previdencia Privada
Carlos,Cardoso Rocha,carlos.cardoso@outlook.com,51981412478,261.375.060-68,Novo Hamburgo,Seguro Residencial
Marcos,Moreira Gomes,marcos.moreira@gmail.com,55992845115,447.962.757-05,Rio Grande,Emprestimo Pessoal
Wagner,Martins Alves,wagner_martins@outlook.com,54945877175,355.609.320-48,Rio Grande,Previdencia Privada
Everton,Costa Fernandes,everton.costa@outlook.com,54966590515,186.449.251-92,Novo Hamburgo,Cartao Black
Douglas,Gomes Castro,douglas.gomes@bol.com.br,53977434873,471.434.558-12,Caxias do Sul,Seguro Auto
Joao,Gomes Pereira,joao.gomes@hotmail.com,51920387509,,Alvorada,Emprestimo Pessoal
JOAO,Barbosa Fernandes,joao.barbosa@hotmail.com,55921851888,880.670.654-05,Canoas,Seguro Auto
Eduardo,Carvalho Oliveira,eduardo.carvalho@outlook.com,53905152204,,Sao Leopoldo,Cartao Black
Silvia,Monteiro Nascimento,silvia.monteiro@gmail.com,53965423511,615.594.078-16,Canoas,Emprestimo Pessoal
Juliana,Teixeira Cardoso,juliana.teixeira@gmail.com,53910518347,382.997.376-31,Canoas,Cartao Black
Anderson,Dias Pinto,anderson.dias@hotmail.com,51948951343,320.037.917-69,Pelotas,Emprestimo Pessoal
Tatiane,Carvalho Teixeira,tatiane.carvalho@hotmail.com,53916658760,366.909.670-54,Santa Maria,Cartao Black
Beatriz,Monteiro Silva,beatriz.monteiro@outlook.com,55963193149,,Santa Maria,Seguro Auto
Rogerio,Almeida Moreira,rogerio.almeida@gmail.com,54920585277,221.704.303-05,Gravatai,Previdencia Privada
Leandro,Dias Moreira,leandro.dias@gmail.com,55993597820,715.182.037-78,Sao Leopoldo,Emprestimo Pessoal
Juliana,Alves Rodrigues,juliana.alves@outlook.com,53951354278,498.084.124-11,Alvorada,Seguro Auto
Leandro,Pereira Nascimento,leandro.pereira@outlook.com,53953487401,640.052.427-86,Sao Leopoldo,Seguro Residencial
Leandro,Lima Castro,leandro_lima@outlook.com,53910341316,475.255.341-92,Sao Leopoldo,Emprestimo Pessoal
Carlos,Cardoso Rocha,carlos_cardoso@outlook.com,51981412478,261.375.060-68,Novo Hamburgo,Seguro Auto
Rodrigo,Alves Cavalcanti,rodrigo_alves@gmail.com,54970154303,911.718.227-82,Gravatai,Emprestimo Pessoal
Lucas,Cavalcanti Cardoso,lucas.cavalcanti@gmail.com,51933092327,193.745.299-12,Gravatai,Emprestimo Pessoal
Natalia,Dias Almeida,natalia.dias@hotmail.com,54980861317,,Sao Leopoldo,Previdencia Privada
Leonardo,Pereira Pereira,leonardo.pereira@gmail.com,54918880592,962.229.270-65,Passo Fundo,Cartao Black
Alex,Silva Ribeiro,alexandre.silva@bol.com.br,53911823398,454.615.679-33,Gravatai,Seguro Residencial
Rafael,Souza Cardoso,rafael.souza@gmail.com,51932677360,,Pelotas,Seguro Auto
Bruno,Silva Moreira,bruno.silva@outlook.com,53932181960,013.389.083-86,Pelotas,Seguro Residencial
Adriana,Santos Cavalcanti,adriana.santos@bol.com.br,51987603859,770.348.247-71,Porto Alegre,Previdencia Privada
Cristina,Costa Martins,cristina.costa@bol.com.br,54983503056,413.953.767-24,Caxias do Sul,Seguro Auto
MONICA,Cardoso Teixeira,monica.cardoso@bol.com.br,53991486528,168.505.423-57,Pelotas,Seguro Residencial
Natalia,Ribeiro Gomes,natalia.ribeiro@gmail.com,54934103697,117.980.893-24,Santa Maria,Emprestimo Pessoal
Vanessa,Rodrigues Araujo,vanessa.rodrigues@hotmail.com,55993785477,725.228.728-08,Porto Alegre,Seguro Residencial
Everton,Correia Carvalho,everton.correia@outlook.com,51975273545,494.808.313-67,Sao Leopoldo,Seguro Auto
Claudio,Freitas Nascimento,claudio.freitas@hotmail.com,55971756551,,Gravatai,Seguro Auto
Fabio,Alves Campos,fabio.alves@gmail.com,51984514627,,Novo Hamburgo,Cartao Black
